-- MySQL Administrator dump 1.4
--
-- ------------------------------------------------------
-- Server version	5.1.44-community


/*!40101 SET @OLD_CHARACTER_SET_CLIENT=@@CHARACTER_SET_CLIENT */;
/*!40101 SET @OLD_CHARACTER_SET_RESULTS=@@CHARACTER_SET_RESULTS */;
/*!40101 SET @OLD_COLLATION_CONNECTION=@@COLLATION_CONNECTION */;
/*!40101 SET NAMES utf8 */;

/*!40014 SET @OLD_UNIQUE_CHECKS=@@UNIQUE_CHECKS, UNIQUE_CHECKS=0 */;
/*!40014 SET @OLD_FOREIGN_KEY_CHECKS=@@FOREIGN_KEY_CHECKS, FOREIGN_KEY_CHECKS=0 */;
/*!40101 SET @OLD_SQL_MODE=@@SQL_MODE, SQL_MODE='NO_AUTO_VALUE_ON_ZERO' */;


--
-- Create schema cattering
--

CREATE DATABASE IF NOT EXISTS cattering;
USE cattering;

--
-- Definition of table `defaultmeals`
--

DROP TABLE IF EXISTS `defaultmeals`;
CREATE TABLE `defaultmeals` (
  `id` int(10) unsigned NOT NULL AUTO_INCREMENT,
  `name` varchar(500) NOT NULL,
  `short_name` varchar(100) NOT NULL,
  `date` date NOT NULL,
  PRIMARY KEY (`id`)
) ENGINE=InnoDB DEFAULT CHARSET=latin1;

--
-- Dumping data for table `defaultmeals`
--

/*!40000 ALTER TABLE `defaultmeals` DISABLE KEYS */;
/*!40000 ALTER TABLE `defaultmeals` ENABLE KEYS */;


--
-- Definition of table `meals`
--

DROP TABLE IF EXISTS `meals`;
CREATE TABLE `meals` (
  `id` int(10) unsigned NOT NULL AUTO_INCREMENT,
  `name` varchar(500) NOT NULL,
  `price` float NOT NULL,
  `short_name` varchar(100) DEFAULT NULL,
  PRIMARY KEY (`id`)
) ENGINE=InnoDB AUTO_INCREMENT=60 DEFAULT CHARSET=latin1;

--
-- Dumping data for table `meals`
--

/*!40000 ALTER TABLE `meals` DISABLE KEYS */;
INSERT INTO `meals` (`id`,`name`,`price`,`short_name`) VALUES 
 (4,'Meniul zilei',12,''),
 (5,'Pizza Focacia (ulei masline, oregano)',5,'Pizza Focacia'),
 (6,'Pizza Margherita (sos rosii, mozzarella)',11,'Pizza Margherita'),
 (7,'Pizza Funghi (sos rosii, mozzarella, ciuperci)',12,'Pizza Funghi'),
 (8,'Pizza Salami (sos rosii, mozzarella, salam)',14,'Pizza Salami'),
 (9,'Pizza Diavolo (sos rosii, mozzarella, salam, ardei iute)',15,'Pizza Diavolo'),
 (10,'Pizza Prosciutto (sos rosii, mozzarella, sunca presata)',14,'Pizza Prosciutto'),
 (11,'Pizza Prosciutto Funghi (sos rosii, mozzarella, sunca presata, ciuperci)',15,'Pizza Prosciutto Funghi'),
 (12,'Pizza Tono (sos rosii, mozzarella, ton)',14,'Pizza Tono'),
 (13,'Pizza Tono Cipola (sos rosii, mozzarella, ton, ceapa)',15,'Pizza Tono Cipola'),
 (14,'Pizza Vegetariana (sos rosii, mozzarella, ciuperci, ardei gras, ceapa, rosii)',14,'Pizza Vegetariana'),
 (15,'Pizza Rustica (sos rosii, mozzarella, bacon, ciuperci, ceapa, ardei gras, ou)',16,'Pizza Rustica'),
 (16,'Pizza Capriciosa (sos rosii, mozzarella, sunca presata, ciuperci, salam)',16,'Pizza Capriciosa');
INSERT INTO `meals` (`id`,`name`,`price`,`short_name`) VALUES 
 (17,'Pizza Calzone (sos rosii, mozzarella, sunca presata, ciuperci, salam) impaturita',16,'Pizza Calzone'),
 (18,'Pizza Quatro Stagioni (sos rosii, mozzarella, sunca presata, ciuperci, salam, ton)',16,'Pizza Quatro Stagioni'),
 (19,'Sos pizza dulce',1,''),
 (20,'Sos pizza picant',1,''),
 (21,'Ulei picant',1,''),
 (22,'Salata de varza',6,''),
 (23,'Salata cu ton (salata verde, castraveti, ceapa, ton, ou, masline)',12,'Salata cu ton'),
 (24,'Gogosari si castraveti murati',6,''),
 (25,'Salata taraneasca (rosii, castraveti, ceapa, branza)',6,'Salata taraneasca'),
 (26,'Salata Antik (rosii, castraveti, ceapa, ou, sunca presata, sos remulade, branza)',12,'Salata Antik'),
 (27,'Salata greceasca (rosii, castraveti, ceapa, ardei gras, branza feta, masline, oregano)',11,'Salata greceasca'),
 (28,'Salata ardei copti',7,''),
 (29,'EXTRA OFERTA',0,''),
 (30,'Piept de pui la gratar  + cartofi prajiti',8,'Piept de pui la gratar  + c.p.'),
 (31,'Snitel Antik (piept de pui , sunca presata, cascaval) + cartofi prajiti',8,'Snitel Antik + c.p.');
INSERT INTO `meals` (`id`,`name`,`price`,`short_name`) VALUES 
 (32,'Snitel Milanez (piept pui, ou, faina) + cartofi prajiti',7.5,'Snitel Milanez + c.p.'),
 (33,'Snitel Parizian (piept de pui, ou, pesmet) + cartofi prajiti',7.5,'Snitel Parizian + c.p.'),
 (34,'Snitel Taranesc (piept de pui, ou, fulgi de porumb) + cartofi prajiti ',8,'Snitel Taranesc + c.p.'),
 (35,'Aripi de pui + cartofi prajiti',7,'Aripi de pui + c.p.'),
 (36,'Aripi de pui Antik + cartofi prajiti',8,'Aripi de pui Antik + c.p.'),
 (37,'Piept de pui crocant + cartofi prajiti',7.5,'Piept de pui crocant + c.p.'),
 (38,'Cotlet de porc la gratar + cartofi prajiti',10,'Cotlet de porc la gratar + c.p.'),
 (39,'Snitel Antik (cotlet de porc, sunca presata si cascaval) + cartofi prajiti',9,'Snitel Antik + c.p.'),
 (40,'Snitel Milanez (cotlet de porc , ou, faina) + cartofi prajiti',8.5,'Snitel Milanez + c.p.'),
 (41,'Snitel Parizian (cotlet de porc, ou, pesmet) + cartofi prajiti',8.5,'Snitel Parizian + c.p.'),
 (42,'Aripi de pui + cartofi prajiti + CIORBA',11.5,'Aripi de pui + c. p. + C.'),
 (44,'Snitel Milanez (piept pui, ou, faina) + cartofi prajiti + CIORBA',12,'Snitel Milanez + c.p. + C.');
INSERT INTO `meals` (`id`,`name`,`price`,`short_name`) VALUES 
 (45,'Snitel Parizian (piept de pui, ou, pesmet) + cartofi prajiti + CIORBA',12,'Snitel Parizian + c.p. + C.'),
 (49,'Piept de pui crocant + cartofi prajiti + CIORBA',12,'Piept de pui crocant + c.p. + C.'),
 (54,'GARNITURI',0,''),
 (55,'Cartofi prajiti 200g',5,'Cartofi p.'),
 (56,'Piure de cartofi 200g',5,'Piure'),
 (57,'Cartofi natur 200g',5,'Cartofi natur'),
 (58,'Legume mexicane 200g',5,'Legume mexicane'),
 (59,'Cartofi Antik 200g',6,'Cartofi Antik');
/*!40000 ALTER TABLE `meals` ENABLE KEYS */;


--
-- Definition of table `orders`
--

DROP TABLE IF EXISTS `orders`;
CREATE TABLE `orders` (
  `id` int(10) unsigned NOT NULL AUTO_INCREMENT,
  `user_id` int(10) unsigned NOT NULL,
  `meal_id` int(10) unsigned NOT NULL,
  `date` date NOT NULL,
  `deleted` tinyint(1) NOT NULL DEFAULT '0',
  PRIMARY KEY (`id`)
) ENGINE=InnoDB AUTO_INCREMENT=1012 DEFAULT CHARSET=latin1;

--
-- Dumping data for table `orders`
--

/*!40000 ALTER TABLE `orders` DISABLE KEYS */;
INSERT INTO `orders` (`id`,`user_id`,`meal_id`,`date`,`deleted`) VALUES 
 (44,1,14,'2010-02-01',0),
 (46,1,56,'2010-02-02',0),
 (47,1,28,'2010-02-02',0),
 (48,1,27,'2010-02-03',0),
 (49,1,14,'2010-02-04',0),
 (50,1,23,'2010-02-05',0),
 (51,6,38,'2010-02-01',0),
 (52,6,30,'2010-02-02',0),
 (54,7,17,'2010-02-05',0),
 (55,7,16,'2010-02-01',0),
 (56,6,26,'2010-02-03',0),
 (58,6,27,'2010-02-04',0),
 (59,7,43,'2010-02-04',0),
 (60,7,4,'2010-02-02',0),
 (61,6,50,'2010-02-05',0),
 (62,7,4,'2010-02-03',0),
 (63,9,31,'2010-02-01',0),
 (64,9,15,'2010-02-02',0),
 (65,9,18,'2010-02-03',0),
 (66,8,4,'2010-02-02',0),
 (68,8,4,'2010-02-01',0),
 (69,8,15,'2010-02-05',0),
 (70,8,27,'2010-02-04',0),
 (71,8,14,'2010-02-03',0),
 (73,2,4,'2010-02-02',0),
 (74,2,4,'2010-02-04',0),
 (79,2,15,'2010-02-01',0),
 (80,2,43,'2010-02-03',0),
 (81,2,18,'2010-02-05',0),
 (87,3,16,'2010-02-01',0),
 (88,3,4,'2010-02-02',0),
 (89,3,26,'2010-02-03',0),
 (90,3,16,'2010-02-04',0),
 (91,3,4,'2010-02-05',0),
 (95,5,4,'2010-02-02',0),
 (96,5,31,'2010-02-01',0);
INSERT INTO `orders` (`id`,`user_id`,`meal_id`,`date`,`deleted`) VALUES 
 (97,5,15,'2010-02-03',0),
 (98,5,4,'2010-02-04',0),
 (99,5,15,'2010-02-05',0),
 (100,4,23,'2010-02-01',0),
 (101,4,4,'2010-02-02',0),
 (103,4,4,'2010-02-04',0),
 (104,4,4,'2010-02-05',0),
 (105,4,36,'2010-02-03',0),
 (106,11,26,'2010-02-01',0),
 (107,11,4,'2010-02-02',0),
 (108,11,15,'2010-02-03',0),
 (109,11,4,'2010-02-04',0),
 (110,11,27,'2010-02-05',0),
 (111,11,27,'2010-01-29',0),
 (112,1,27,'2010-02-08',0),
 (113,1,59,'2010-02-09',0),
 (114,1,25,'2010-02-09',0),
 (115,1,14,'2010-02-10',0),
 (116,1,56,'2010-02-11',0),
 (117,1,25,'2010-02-11',0),
 (118,1,57,'2010-02-12',0),
 (119,1,28,'2010-02-12',0),
 (120,8,4,'2010-02-11',0),
 (121,8,26,'2010-02-10',0),
 (122,8,27,'2010-02-08',0),
 (123,8,17,'2010-02-12',0),
 (124,8,15,'2010-02-09',0),
 (125,2,4,'2010-02-08',0),
 (128,2,15,'2010-02-11',0),
 (129,2,43,'2010-02-09',0),
 (130,2,26,'2010-02-10',0),
 (131,3,4,'2010-02-09',0),
 (132,2,18,'2010-02-12',0),
 (133,3,4,'2010-02-11',0),
 (134,3,16,'2010-02-08',0);
INSERT INTO `orders` (`id`,`user_id`,`meal_id`,`date`,`deleted`) VALUES 
 (135,3,27,'2010-02-10',0),
 (136,3,16,'2010-02-12',0),
 (137,6,4,'2010-02-12',0),
 (138,6,4,'2010-02-08',0),
 (139,6,30,'2010-02-09',0),
 (141,6,38,'2010-02-10',0),
 (142,6,4,'2010-02-11',0),
 (143,7,4,'2010-02-10',0),
 (144,7,4,'2010-02-11',0),
 (145,7,4,'2010-02-12',0),
 (146,7,50,'2010-02-08',0),
 (147,7,14,'2010-02-09',0),
 (148,5,4,'2010-02-08',0),
 (149,5,31,'2010-02-09',0),
 (150,5,15,'2010-02-10',0),
 (151,5,4,'2010-02-11',0),
 (152,5,26,'2010-02-12',0),
 (153,11,30,'2010-02-08',0),
 (154,11,31,'2010-02-09',0),
 (155,11,15,'2010-02-10',0),
 (156,11,4,'2010-02-11',0),
 (157,11,4,'2010-02-12',0),
 (159,10,39,'2010-02-08',0),
 (160,10,9,'2010-02-10',0),
 (161,10,38,'2010-02-12',0),
 (162,4,4,'2010-02-08',0),
 (163,4,27,'2010-02-09',0),
 (164,4,18,'2010-02-10',0),
 (165,4,4,'2010-02-11',0),
 (166,4,31,'2010-02-12',0),
 (172,1,14,'2010-02-15',0),
 (174,1,23,'2010-02-16',0),
 (175,1,14,'2010-02-17',0),
 (176,1,7,'2010-02-18',0),
 (177,1,14,'2010-02-19',0);
INSERT INTO `orders` (`id`,`user_id`,`meal_id`,`date`,`deleted`) VALUES 
 (178,2,4,'2010-02-15',0),
 (179,2,31,'2010-02-16',0),
 (180,2,15,'2010-02-17',0),
 (181,2,4,'2010-02-18',0),
 (182,5,15,'2010-02-15',0),
 (183,5,4,'2010-02-16',0),
 (184,2,18,'2010-02-19',0),
 (185,5,15,'2010-02-19',0),
 (186,4,4,'2010-02-15',0),
 (187,4,4,'2010-02-16',0),
 (188,5,31,'2010-02-17',0),
 (189,4,12,'2010-02-17',0),
 (190,5,4,'2010-02-18',0),
 (191,4,4,'2010-02-18',0),
 (192,4,27,'2010-02-19',0),
 (193,8,4,'2010-02-16',0),
 (194,8,26,'2010-02-17',0),
 (196,8,16,'2010-02-18',0),
 (197,8,23,'2010-02-19',0),
 (198,8,11,'2010-02-15',0),
 (199,6,50,'2010-02-19',0),
 (200,15,4,'2010-02-15',0),
 (201,15,4,'2010-02-16',0),
 (202,15,4,'2010-02-17',0),
 (203,15,4,'2010-02-18',0),
 (204,15,4,'2010-02-19',0),
 (205,3,4,'2010-02-18',0),
 (206,3,15,'2010-02-15',0),
 (207,3,13,'2010-02-17',0),
 (208,3,26,'2010-02-16',0),
 (209,3,27,'2010-02-19',0),
 (210,7,4,'2010-02-15',0),
 (211,7,4,'2010-02-16',0),
 (212,7,4,'2010-02-17',0),
 (213,7,17,'2010-02-18',0);
INSERT INTO `orders` (`id`,`user_id`,`meal_id`,`date`,`deleted`) VALUES 
 (214,7,13,'2010-02-19',0),
 (216,16,4,'2010-02-16',0),
 (217,16,4,'2010-02-17',0),
 (218,16,4,'2010-02-18',0),
 (219,16,4,'2010-02-19',0),
 (226,14,15,'2010-02-17',0),
 (227,14,31,'2010-02-18',0),
 (228,14,30,'2010-02-19',0),
 (230,13,41,'2010-02-15',0),
 (231,13,38,'2010-02-16',0),
 (232,13,15,'2010-02-17',0),
 (234,13,31,'2010-02-18',0),
 (235,13,16,'2010-02-19',0),
 (239,12,39,'2010-02-18',0),
 (242,12,39,'2010-02-15',0),
 (244,11,51,'2010-02-15',0),
 (245,11,23,'2010-02-16',0),
 (246,11,15,'2010-02-17',0),
 (247,11,4,'2010-02-18',0),
 (248,11,43,'2010-02-19',0),
 (249,10,38,'2010-02-15',0),
 (250,10,39,'2010-02-16',0),
 (251,10,9,'2010-02-17',0),
 (252,10,38,'2010-02-18',0),
 (253,10,17,'2010-02-19',0),
 (254,17,43,'2010-02-15',0),
 (255,17,26,'2010-02-16',0),
 (256,17,27,'2010-02-17',0),
 (257,17,49,'2010-02-18',0),
 (258,17,4,'2010-02-19',0),
 (259,16,4,'2010-02-15',0),
 (262,12,17,'2010-02-17',0),
 (263,12,38,'2010-02-16',0),
 (264,12,15,'2010-02-19',0);
INSERT INTO `orders` (`id`,`user_id`,`meal_id`,`date`,`deleted`) VALUES 
 (266,7,4,'2010-02-24',0),
 (267,7,4,'2010-02-25',0),
 (268,1,56,'2010-02-22',0),
 (269,1,28,'2010-02-22',0),
 (270,1,23,'2010-02-23',0),
 (273,1,27,'2010-02-25',0),
 (274,1,56,'2010-02-26',0),
 (276,1,22,'2010-02-26',0),
 (277,7,17,'2010-02-26',0),
 (278,8,4,'2010-02-25',0),
 (279,8,26,'2010-02-24',0),
 (281,8,13,'2010-02-23',0),
 (282,8,27,'2010-02-22',0),
 (291,15,31,'2010-02-22',0),
 (293,16,4,'2010-02-22',0),
 (294,16,4,'2010-02-25',0),
 (295,16,4,'2010-02-26',0),
 (296,15,53,'2010-02-23',0),
 (297,17,31,'2010-02-22',0),
 (299,17,25,'2010-02-22',0),
 (302,15,15,'2010-02-24',0),
 (304,17,43,'2010-02-23',0),
 (306,15,51,'2010-02-25',0),
 (307,17,26,'2010-02-24',0),
 (308,15,15,'2010-02-26',0),
 (309,17,4,'2010-02-25',0),
 (310,17,16,'2010-02-26',0),
 (311,11,30,'2010-02-22',0),
 (312,11,23,'2010-02-23',0),
 (313,11,13,'2010-02-24',0),
 (314,11,4,'2010-02-25',0),
 (315,11,4,'2010-02-26',0),
 (316,10,38,'2010-02-22',0),
 (317,10,39,'2010-02-23',0);
INSERT INTO `orders` (`id`,`user_id`,`meal_id`,`date`,`deleted`) VALUES 
 (318,10,9,'2010-02-24',0),
 (319,10,38,'2010-02-25',0),
 (320,10,17,'2010-02-26',0),
 (321,12,38,'2010-02-22',0),
 (322,12,39,'2010-02-23',0),
 (323,12,17,'2010-02-24',0),
 (324,12,41,'2010-02-25',0),
 (325,12,16,'2010-02-26',0),
 (326,9,4,'2010-02-22',0),
 (327,9,4,'2010-02-23',0),
 (329,9,4,'2010-02-25',0),
 (331,9,18,'2010-02-24',0),
 (332,9,15,'2010-02-26',0),
 (333,6,48,'2010-02-22',0),
 (334,6,50,'2010-02-23',0),
 (335,6,47,'2010-02-24',0),
 (336,6,49,'2010-02-25',0),
 (337,6,52,'2010-02-26',0),
 (338,8,23,'2010-02-26',0),
 (339,16,16,'2010-02-23',0),
 (340,4,4,'2010-02-22',0),
 (342,3,4,'2010-02-25',0),
 (343,3,4,'2010-02-26',0),
 (344,4,36,'2010-02-23',0),
 (345,3,13,'2010-02-22',0),
 (346,4,12,'2010-02-24',0),
 (347,3,16,'2010-02-24',0),
 (348,4,4,'2010-02-25',0),
 (349,4,39,'2010-02-26',0),
 (350,5,31,'2010-02-22',0),
 (351,3,31,'2010-02-23',0),
 (353,5,4,'2010-02-25',0),
 (354,5,11,'2010-02-23',0),
 (356,5,31,'2010-02-24',0),
 (358,5,26,'2010-02-26',0);
INSERT INTO `orders` (`id`,`user_id`,`meal_id`,`date`,`deleted`) VALUES 
 (359,2,4,'2010-02-22',0),
 (361,2,43,'2010-02-23',0),
 (362,2,16,'2010-02-24',0),
 (363,2,4,'2010-02-25',0),
 (364,2,18,'2010-02-26',0),
 (366,7,4,'2010-02-23',0),
 (367,7,11,'2010-02-22',0),
 (368,16,31,'2010-02-24',0),
 (369,1,59,'2010-02-24',0),
 (370,1,25,'2010-02-24',0),
 (371,16,15,'2010-03-01',0),
 (372,8,23,'2010-03-02',0),
 (373,15,26,'2010-03-01',0),
 (374,15,4,'2010-03-02',0),
 (377,8,15,'2010-03-03',0),
 (378,15,4,'2010-03-04',0),
 (380,15,38,'2010-03-05',0),
 (382,8,49,'2010-03-05',0),
 (383,8,26,'2010-03-04',0),
 (384,8,17,'2010-03-01',0),
 (385,6,4,'2010-03-01',0),
 (386,17,23,'2010-03-01',0),
 (387,17,42,'2010-03-02',0),
 (388,17,4,'2010-03-03',0),
 (389,17,49,'2010-03-04',0),
 (390,17,15,'2010-03-05',0),
 (391,2,4,'2010-03-04',0),
 (392,2,4,'2010-03-05',0),
 (393,2,15,'2010-03-03',0),
 (394,2,18,'2010-03-01',0),
 (395,6,4,'2010-03-03',0),
 (396,2,31,'2010-03-02',0),
 (397,6,38,'2010-03-02',0),
 (398,6,30,'2010-03-04',0),
 (399,6,49,'2010-03-05',0);
INSERT INTO `orders` (`id`,`user_id`,`meal_id`,`date`,`deleted`) VALUES 
 (401,15,27,'2010-03-03',0),
 (402,1,56,'2010-03-01',0),
 (403,1,25,'2010-03-01',0),
 (406,1,57,'2010-03-03',0),
 (407,1,25,'2010-03-03',0),
 (408,1,56,'2010-03-04',0),
 (409,1,22,'2010-03-04',0),
 (410,1,57,'2010-03-05',0),
 (411,1,25,'2010-03-05',0),
 (412,5,4,'2010-03-03',0),
 (413,5,31,'2010-03-05',0),
 (414,5,31,'2010-03-01',0),
 (415,5,11,'2010-03-02',0),
 (416,5,4,'2010-03-04',0),
 (417,4,23,'2010-03-01',0),
 (418,4,4,'2010-03-02',0),
 (419,4,4,'2010-03-03',0),
 (420,4,11,'2010-03-04',0),
 (421,4,27,'2010-03-05',0),
 (422,7,4,'2010-03-01',0),
 (423,7,4,'2010-03-03',0),
 (424,11,30,'2010-03-01',0),
 (425,9,4,'2010-03-01',0),
 (426,11,31,'2010-03-02',0),
 (427,11,15,'2010-03-03',0),
 (428,7,17,'2010-03-02',0),
 (429,11,23,'2010-03-04',0),
 (430,7,4,'2010-03-05',0),
 (431,11,30,'2010-03-05',0),
 (432,7,16,'2010-03-04',0),
 (433,9,38,'2010-03-02',0),
 (434,9,16,'2010-03-03',0),
 (435,9,4,'2010-03-04',0),
 (436,9,18,'2010-03-05',0),
 (437,3,4,'2010-03-05',0);
INSERT INTO `orders` (`id`,`user_id`,`meal_id`,`date`,`deleted`) VALUES 
 (438,3,4,'2010-03-04',0),
 (439,3,16,'2010-03-01',0),
 (440,3,30,'2010-03-02',0),
 (441,3,12,'2010-03-03',0),
 (442,16,4,'2010-03-03',0),
 (444,16,31,'2010-03-02',0),
 (446,16,4,'2010-03-05',0),
 (447,1,59,'2010-03-02',0),
 (448,1,25,'2010-03-02',0),
 (449,16,26,'2010-03-04',0),
 (450,2,31,'2010-03-08',0),
 (451,2,16,'2010-03-09',0),
 (452,2,31,'2010-03-10',0),
 (453,2,18,'2010-03-11',0),
 (454,2,4,'2010-03-12',0),
 (455,16,26,'2010-03-08',0),
 (456,16,18,'2010-03-09',0),
 (457,16,4,'2010-03-10',0),
 (458,16,4,'2010-03-11',0),
 (459,16,4,'2010-03-12',0),
 (461,15,49,'2010-03-09',0),
 (462,15,4,'2010-03-10',0),
 (463,15,4,'2010-03-11',0),
 (464,15,11,'2010-03-12',0),
 (466,17,4,'2010-03-08',0),
 (467,5,15,'2010-03-08',0),
 (468,15,4,'2010-03-08',0),
 (469,5,4,'2010-03-09',0),
 (470,5,4,'2010-03-10',0),
 (471,5,31,'2010-03-12',0),
 (472,5,4,'2010-03-11',0),
 (473,17,44,'2010-03-09',0),
 (475,17,26,'2010-03-10',0),
 (477,17,23,'2010-03-12',0);
INSERT INTO `orders` (`id`,`user_id`,`meal_id`,`date`,`deleted`) VALUES 
 (478,8,4,'2010-03-10',0),
 (479,1,27,'2010-03-08',0),
 (481,8,23,'2010-03-08',0),
 (482,1,25,'2010-03-10',0),
 (483,8,26,'2010-03-11',0),
 (484,1,56,'2010-03-10',0),
 (485,1,23,'2010-03-11',0),
 (486,8,16,'2010-03-09',0),
 (487,1,25,'2010-03-12',0),
 (488,1,59,'2010-03-12',0),
 (489,8,17,'2010-03-12',0),
 (490,17,11,'2010-03-11',0),
 (491,1,14,'2010-03-09',0),
 (492,4,27,'2010-03-08',0),
 (493,4,4,'2010-03-09',0),
 (494,4,4,'2010-03-10',0),
 (495,4,4,'2010-03-11',0),
 (496,4,16,'2010-03-12',0),
 (497,6,49,'2010-03-12',0),
 (498,6,38,'2010-03-08',0),
 (499,6,30,'2010-03-09',0),
 (500,6,38,'2010-03-10',0),
 (501,6,30,'2010-03-11',0),
 (502,7,4,'2010-03-12',0),
 (503,7,4,'2010-03-11',0),
 (504,7,18,'2010-03-08',0),
 (505,7,15,'2010-03-10',0),
 (506,7,31,'2010-03-09',0),
 (507,3,4,'2010-03-11',0),
 (508,3,4,'2010-03-12',0),
 (509,3,12,'2010-03-08',0),
 (510,3,36,'2010-03-09',0),
 (511,3,16,'2010-03-10',0),
 (512,11,30,'2010-03-08',0),
 (513,11,26,'2010-03-09',0);
INSERT INTO `orders` (`id`,`user_id`,`meal_id`,`date`,`deleted`) VALUES 
 (514,11,31,'2010-03-10',0),
 (516,11,4,'2010-03-11',0),
 (517,11,27,'2010-03-12',0),
 (518,18,4,'2010-03-15',0),
 (519,18,4,'2010-03-16',0),
 (520,18,4,'2010-03-17',0),
 (521,18,4,'2010-03-18',0),
 (522,18,4,'2010-03-19',0),
 (523,3,4,'2010-03-19',0),
 (524,11,4,'2010-03-15',0),
 (525,3,12,'2010-03-18',0),
 (526,11,31,'2010-03-16',0),
 (527,11,23,'2010-03-17',0),
 (528,3,36,'2010-03-17',0),
 (529,11,33,'2010-03-18',0),
 (530,3,16,'2010-03-16',0),
 (531,11,30,'2010-03-19',0),
 (532,17,4,'2010-03-15',0),
 (533,17,4,'2010-03-16',0),
 (534,3,31,'2010-03-15',0),
 (535,17,27,'2010-03-17',0),
 (536,17,18,'2010-03-18',0),
 (537,17,26,'2010-03-19',0),
 (538,16,18,'2010-03-15',0),
 (539,16,4,'2010-03-16',0),
 (540,16,4,'2010-03-17',0),
 (541,16,4,'2010-03-19',0),
 (544,16,31,'2010-03-18',0),
 (545,15,39,'2010-03-15',0),
 (546,15,4,'2010-03-16',0),
 (547,15,26,'2010-03-17',0),
 (548,15,11,'2010-03-18',0),
 (549,15,27,'2010-03-19',0),
 (550,1,27,'2010-03-15',0);
INSERT INTO `orders` (`id`,`user_id`,`meal_id`,`date`,`deleted`) VALUES 
 (551,1,5,'2010-03-15',0),
 (552,1,56,'2010-03-16',0),
 (553,1,25,'2010-03-16',0),
 (554,1,14,'2010-03-17',0),
 (555,1,59,'2010-03-18',0),
 (556,1,25,'2010-03-18',0),
 (557,1,7,'2010-03-19',0),
 (559,2,4,'2010-03-15',0),
 (560,2,4,'2010-03-16',0),
 (563,5,11,'2010-03-17',0),
 (564,5,4,'2010-03-19',0),
 (565,4,4,'2010-03-15',0),
 (566,5,26,'2010-03-18',0),
 (567,4,4,'2010-03-16',0),
 (569,4,31,'2010-03-18',0),
 (570,4,12,'2010-03-19',0),
 (573,6,38,'2010-03-16',0),
 (574,6,30,'2010-03-17',0),
 (575,6,18,'2010-03-18',0),
 (576,7,31,'2010-03-15',0),
 (577,7,4,'2010-03-17',0),
 (578,7,26,'2010-03-16',0),
 (579,7,17,'2010-03-18',0),
 (580,7,16,'2010-03-19',0),
 (581,19,39,'2010-03-15',0),
 (582,19,4,'2010-03-16',0),
 (583,19,38,'2010-03-17',0),
 (584,19,49,'2010-03-18',0),
 (585,19,4,'2010-03-19',0),
 (586,10,41,'2010-03-15',0),
 (587,10,10,'2010-03-16',0),
 (588,10,27,'2010-03-17',0),
 (589,10,30,'2010-03-18',0),
 (590,10,55,'2010-03-19',0),
 (591,10,28,'2010-03-19',0);
INSERT INTO `orders` (`id`,`user_id`,`meal_id`,`date`,`deleted`) VALUES 
 (592,4,38,'2010-03-17',0),
 (593,8,4,'2010-03-15',0),
 (594,8,4,'2010-03-16',0),
 (595,8,4,'2010-03-17',0),
 (596,8,4,'2010-03-18',0),
 (597,8,4,'2010-03-19',0),
 (598,6,27,'2010-03-15',0),
 (599,6,26,'2010-03-19',0),
 (602,9,4,'2010-03-18',0),
 (603,9,4,'2010-03-19',0),
 (605,15,4,'2010-03-22',0),
 (606,15,38,'2010-03-23',0),
 (607,15,59,'2010-03-24',0),
 (608,15,25,'2010-03-24',0),
 (610,15,26,'2010-03-26',0),
 (611,17,45,'2010-03-22',0),
 (612,17,11,'2010-03-23',0),
 (613,17,23,'2010-03-24',0),
 (614,17,4,'2010-03-25',0),
 (615,15,11,'2010-03-25',0),
 (616,17,27,'2010-03-26',0),
 (617,19,4,'2010-03-22',0),
 (618,19,4,'2010-03-25',0),
 (619,19,4,'2010-03-24',0),
 (620,1,23,'2010-03-22',0),
 (621,1,14,'2010-03-23',0),
 (622,1,27,'2010-03-24',0),
 (623,1,59,'2010-03-25',0),
 (624,1,25,'2010-03-25',0),
 (625,1,14,'2010-03-26',0),
 (626,19,18,'2010-03-26',0),
 (627,19,17,'2010-03-23',0),
 (628,16,18,'2010-03-22',0),
 (629,16,4,'2010-03-23',0);
INSERT INTO `orders` (`id`,`user_id`,`meal_id`,`date`,`deleted`) VALUES 
 (630,16,16,'2010-03-24',0),
 (631,16,4,'2010-03-26',0),
 (632,16,26,'2010-03-25',0),
 (633,6,26,'2010-03-24',0),
 (634,6,27,'2010-03-26',0),
 (635,6,38,'2010-03-22',0),
 (636,6,30,'2010-03-23',0),
 (637,6,38,'2010-03-25',0),
 (638,8,4,'2010-03-24',0),
 (639,8,23,'2010-03-22',0),
 (640,8,26,'2010-03-25',0),
 (641,8,14,'2010-03-26',0),
 (642,9,26,'2010-03-22',0),
 (643,9,27,'2010-03-23',0),
 (644,9,30,'2010-03-24',0),
 (645,9,26,'2010-03-25',0),
 (646,9,27,'2010-03-26',0),
 (647,7,4,'2010-03-26',0),
 (648,7,17,'2010-03-25',0),
 (649,8,35,'2010-03-23',0),
 (650,8,58,'2010-03-23',0),
 (651,7,39,'2010-03-22',0),
 (652,7,15,'2010-03-23',0),
 (653,7,59,'2010-03-24',0),
 (654,7,25,'2010-03-24',0),
 (656,18,26,'2010-03-22',0),
 (657,18,23,'2010-03-23',0),
 (658,18,27,'2010-03-24',0),
 (659,18,16,'2010-03-25',0),
 (660,18,31,'2010-03-26',0),
 (661,5,4,'2010-03-22',0),
 (662,5,4,'2010-03-23',0),
 (663,5,4,'2010-03-24',0),
 (664,5,26,'2010-03-25',0),
 (665,5,31,'2010-03-26',0);
INSERT INTO `orders` (`id`,`user_id`,`meal_id`,`date`,`deleted`) VALUES 
 (666,4,4,'2010-03-22',0),
 (667,4,4,'2010-03-23',0),
 (668,4,4,'2010-03-24',0),
 (669,4,12,'2010-03-25',0),
 (670,4,26,'2010-03-26',0),
 (673,3,4,'2010-03-23',0),
 (674,3,15,'2010-03-24',0),
 (675,3,4,'2010-03-25',0),
 (676,3,4,'2010-03-26',0),
 (677,3,9,'2010-03-22',0),
 (678,10,31,'2010-03-22',0),
 (679,10,37,'2010-03-23',0),
 (680,10,16,'2010-03-24',0),
 (681,10,41,'2010-03-25',0),
 (682,10,27,'2010-03-26',0),
 (683,9,30,'2010-03-29',0),
 (684,9,38,'2010-03-30',0),
 (685,9,6,'2010-03-31',0),
 (686,9,26,'2010-04-01',0),
 (687,9,14,'2010-04-02',0),
 (688,15,45,'2010-03-29',0),
 (689,15,4,'2010-03-30',0),
 (690,15,18,'2010-03-31',0),
 (692,15,4,'2010-04-01',0),
 (693,17,4,'2010-03-29',0),
 (694,15,27,'2010-04-02',0),
 (695,17,45,'2010-03-30',0),
 (696,17,26,'2010-03-31',0),
 (697,17,16,'2010-04-01',0),
 (698,17,23,'2010-04-02',0),
 (700,1,27,'2010-03-29',0),
 (701,1,59,'2010-03-30',0),
 (702,1,25,'2010-03-30',0),
 (704,1,59,'2010-04-01',0);
INSERT INTO `orders` (`id`,`user_id`,`meal_id`,`date`,`deleted`) VALUES 
 (705,1,25,'2010-04-01',0),
 (706,1,14,'2010-04-02',0),
 (707,4,4,'2010-04-01',0),
 (708,4,4,'2010-03-29',0),
 (709,4,31,'2010-03-30',0),
 (711,4,18,'2010-04-02',0),
 (712,5,11,'2010-03-29',0),
 (713,5,31,'2010-03-30',0),
 (714,5,26,'2010-03-31',0),
 (715,5,36,'2010-04-02',0),
 (716,3,36,'2010-03-29',0),
 (717,3,9,'2010-03-30',0),
 (719,1,14,'2010-03-31',0),
 (720,3,16,'2010-04-01',0),
 (722,7,59,'2010-03-29',0),
 (723,7,25,'2010-03-29',0),
 (724,7,26,'2010-03-30',0),
 (727,7,27,'2010-03-31',0),
 (729,7,30,'2010-04-01',0),
 (731,7,17,'2010-04-02',0),
 (732,3,31,'2010-03-31',0),
 (733,3,36,'2010-04-02',0),
 (739,16,18,'2010-03-29',0),
 (740,19,4,'2010-03-29',0),
 (741,16,39,'2010-03-30',0),
 (742,16,26,'2010-03-31',0),
 (743,18,4,'2010-03-29',0),
 (744,18,44,'2010-03-30',0),
 (745,16,16,'2010-04-01',0),
 (746,18,4,'2010-03-31',0),
 (747,16,4,'2010-04-02',0),
 (748,18,30,'2010-04-01',0),
 (749,18,22,'2010-04-01',0),
 (750,18,49,'2010-04-02',0);
INSERT INTO `orders` (`id`,`user_id`,`meal_id`,`date`,`deleted`) VALUES 
 (751,8,4,'2010-03-29',0),
 (752,8,23,'2010-03-30',0),
 (753,8,16,'2010-03-31',0),
 (754,8,17,'2010-04-02',0),
 (755,8,45,'2010-04-01',0),
 (756,11,31,'2010-03-29',0),
 (758,11,30,'2010-03-30',0),
 (759,11,17,'2010-03-31',0),
 (760,11,27,'2010-04-01',0),
 (761,11,34,'2010-04-02',0),
 (762,10,39,'2010-03-29',0),
 (763,10,9,'2010-03-30',0),
 (764,10,38,'2010-03-31',0),
 (765,10,16,'2010-04-01',0),
 (766,10,27,'2010-04-02',0),
 (767,19,18,'2010-03-30',0),
 (768,19,4,'2010-03-31',0),
 (769,19,18,'2010-04-01',0),
 (770,19,4,'2010-04-02',0),
 (771,15,4,'2010-04-06',0),
 (772,15,4,'2010-04-07',0),
 (773,15,4,'2010-04-08',0),
 (774,15,4,'2010-04-09',0),
 (775,16,36,'2010-04-06',0),
 (776,16,4,'2010-04-07',0),
 (777,16,26,'2010-04-08',0),
 (778,16,4,'2010-04-09',0),
 (779,17,27,'2010-04-06',0),
 (780,17,26,'2010-04-07',0),
 (781,17,4,'2010-04-08',0),
 (786,19,15,'2010-04-06',0),
 (787,19,4,'2010-04-07',0),
 (788,19,16,'2010-04-08',0),
 (789,19,4,'2010-04-09',0);
INSERT INTO `orders` (`id`,`user_id`,`meal_id`,`date`,`deleted`) VALUES 
 (790,17,31,'2010-04-09',0),
 (792,9,30,'2010-04-06',0),
 (793,9,6,'2010-04-07',0),
 (794,9,27,'2010-04-08',0),
 (796,9,14,'2010-04-09',0),
 (799,7,4,'2010-04-06',0),
 (800,7,4,'2010-04-08',0),
 (801,7,17,'2010-04-07',0),
 (802,7,16,'2010-04-09',0),
 (803,8,4,'2010-04-08',0),
 (804,8,14,'2010-04-07',0),
 (805,8,26,'2010-04-06',0),
 (806,5,4,'2010-04-06',0),
 (807,5,31,'2010-04-07',0),
 (808,5,4,'2010-04-08',0),
 (809,5,11,'2010-04-09',0),
 (815,3,4,'2010-04-08',0),
 (816,3,4,'2010-04-09',0),
 (817,3,9,'2010-04-06',0),
 (819,3,16,'2010-04-07',0),
 (820,18,30,'2010-04-06',0),
 (821,18,28,'2010-04-06',0),
 (822,18,34,'2010-04-07',0),
 (823,18,31,'2010-04-08',0),
 (824,18,45,'2010-04-09',0),
 (827,1,14,'2010-04-06',0),
 (828,1,59,'2010-04-07',0),
 (829,1,25,'2010-04-07',0),
 (830,1,14,'2010-04-08',0),
 (833,11,31,'2010-04-06',0),
 (834,11,23,'2010-04-07',0),
 (835,11,34,'2010-04-08',0),
 (836,11,30,'2010-04-09',0),
 (838,1,25,'2010-04-09',0),
 (839,1,59,'2010-04-09',0);
INSERT INTO `orders` (`id`,`user_id`,`meal_id`,`date`,`deleted`) VALUES 
 (840,1,7,'2010-04-12',0),
 (841,1,56,'2010-04-13',0),
 (842,1,22,'2010-04-13',0),
 (843,1,14,'2010-04-14',0),
 (844,1,27,'2010-04-15',0),
 (845,1,14,'2010-04-16',0),
 (849,3,4,'2010-04-15',0),
 (850,3,4,'2010-04-16',0),
 (851,3,9,'2010-04-12',0),
 (852,3,9,'2010-04-14',0),
 (853,18,18,'2010-04-12',0),
 (854,3,39,'2010-04-13',0),
 (855,18,16,'2010-04-13',0),
 (856,18,4,'2010-04-14',0),
 (857,7,4,'2010-04-12',0),
 (859,18,31,'2010-04-15',0),
 (860,5,31,'2010-04-12',0),
 (861,7,30,'2010-04-13',0),
 (862,7,16,'2010-04-14',0),
 (863,5,4,'2010-04-13',0),
 (864,7,17,'2010-04-15',0),
 (866,7,31,'2010-04-16',0),
 (867,5,18,'2010-04-14',0),
 (868,5,26,'2010-04-15',0),
 (869,5,31,'2010-04-16',0),
 (871,16,15,'2010-04-12',0),
 (872,16,4,'2010-04-13',0),
 (874,19,16,'2010-04-15',0),
 (875,4,31,'2010-04-12',0),
 (877,4,4,'2010-04-13',0),
 (878,4,18,'2010-04-14',0),
 (879,4,26,'2010-04-15',0),
 (880,19,45,'2010-04-12',0),
 (881,15,44,'2010-04-12',0),
 (882,19,15,'2010-04-13',0);
INSERT INTO `orders` (`id`,`user_id`,`meal_id`,`date`,`deleted`) VALUES 
 (883,4,31,'2010-04-16',0),
 (885,15,17,'2010-04-13',0),
 (886,19,45,'2010-04-14',0),
 (887,15,4,'2010-04-14',0),
 (889,15,39,'2010-04-15',0),
 (890,15,11,'2010-04-16',0),
 (891,19,42,'2010-04-16',0),
 (892,17,30,'2010-04-12',0),
 (893,17,49,'2010-04-13',0),
 (894,17,23,'2010-04-14',0),
 (895,17,15,'2010-04-15',0),
 (897,17,27,'2010-04-16',0),
 (898,16,4,'2010-04-16',0),
 (899,16,31,'2010-04-14',0),
 (900,16,16,'2010-04-15',0),
 (901,12,23,'2010-04-12',0),
 (902,12,27,'2010-04-13',0),
 (906,13,31,'2010-04-12',0),
 (907,13,38,'2010-04-13',0),
 (908,13,16,'2010-04-14',0),
 (909,13,34,'2010-04-15',0),
 (910,13,11,'2010-04-16',0),
 (911,11,4,'2010-04-13',0),
 (912,11,4,'2010-04-15',0),
 (913,11,23,'2010-04-12',0),
 (914,11,30,'2010-04-14',0),
 (915,11,31,'2010-04-16',0),
 (916,8,23,'2010-04-12',0),
 (917,9,26,'2010-04-12',0),
 (918,8,14,'2010-04-13',0),
 (919,9,27,'2010-04-13',0),
 (920,9,6,'2010-04-14',0),
 (921,8,45,'2010-04-14',0),
 (922,8,15,'2010-04-15',0);
INSERT INTO `orders` (`id`,`user_id`,`meal_id`,`date`,`deleted`) VALUES 
 (923,8,4,'2010-04-16',0),
 (924,9,30,'2010-04-15',0),
 (925,9,14,'2010-04-16',0),
 (926,12,26,'2010-04-14',0),
 (927,12,25,'2010-04-15',0),
 (928,12,27,'2010-04-16',0),
 (929,1,59,'2010-04-19',0),
 (930,1,25,'2010-04-19',0),
 (931,1,14,'2010-04-20',0),
 (932,1,27,'2010-04-21',0),
 (933,1,14,'2010-04-22',0),
 (934,1,59,'2010-04-23',0),
 (935,1,25,'2010-04-23',0),
 (936,10,37,'2010-04-19',0),
 (937,10,16,'2010-04-20',0),
 (938,9,30,'2010-04-19',0),
 (939,9,27,'2010-04-20',0),
 (940,9,14,'2010-04-21',0),
 (941,3,4,'2010-04-21',0),
 (942,3,4,'2010-04-23',0),
 (943,9,26,'2010-04-22',0),
 (944,9,6,'2010-04-23',0),
 (945,15,4,'2010-04-19',0),
 (946,15,45,'2010-04-20',0),
 (947,10,32,'2010-04-21',0),
 (948,15,4,'2010-04-21',0),
 (949,3,16,'2010-04-19',0),
 (950,15,4,'2010-04-22',0),
 (951,3,9,'2010-04-22',0),
 (953,15,17,'2010-04-23',0),
 (954,5,4,'2010-04-21',0),
 (955,17,39,'2010-04-19',0),
 (957,10,38,'2010-04-22',0),
 (958,17,17,'2010-04-20',0);
INSERT INTO `orders` (`id`,`user_id`,`meal_id`,`date`,`deleted`) VALUES 
 (959,3,27,'2010-04-20',0),
 (960,10,16,'2010-04-23',0),
 (961,17,26,'2010-04-21',0),
 (962,17,4,'2010-04-22',0),
 (963,5,31,'2010-04-19',0),
 (964,17,27,'2010-04-23',0),
 (965,19,16,'2010-04-19',0),
 (966,5,11,'2010-04-20',0),
 (967,19,39,'2010-04-23',0),
 (968,19,16,'2010-04-22',0),
 (969,16,31,'2010-04-19',0),
 (970,5,36,'2010-04-22',0),
 (971,16,26,'2010-04-20',0),
 (972,19,38,'2010-04-21',0),
 (973,16,4,'2010-04-21',0),
 (974,16,4,'2010-04-22',0),
 (975,19,7,'2010-04-20',0),
 (976,16,4,'2010-04-23',0),
 (977,5,4,'2010-04-23',0),
 (978,4,4,'2010-04-21',0),
 (979,4,4,'2010-04-22',0),
 (980,4,12,'2010-04-19',0),
 (981,4,26,'2010-04-20',0),
 (982,8,4,'2010-04-21',0),
 (983,4,27,'2010-04-23',0),
 (984,8,27,'2010-04-22',0),
 (985,8,16,'2010-04-20',0),
 (986,8,15,'2010-04-23',0),
 (987,11,23,'2010-04-19',0),
 (989,7,39,'2010-04-19',0),
 (990,11,30,'2010-04-20',0),
 (991,7,23,'2010-04-20',0),
 (992,7,9,'2010-04-21',0),
 (993,11,27,'2010-04-21',0);
INSERT INTO `orders` (`id`,`user_id`,`meal_id`,`date`,`deleted`) VALUES 
 (994,11,4,'2010-04-22',0),
 (995,11,30,'2010-04-23',0),
 (996,7,36,'2010-04-22',0),
 (997,8,23,'2010-04-19',0),
 (998,7,49,'2010-04-23',0),
 (999,6,4,'2010-04-19',0),
 (1000,6,4,'2010-04-20',0),
 (1001,6,4,'2010-04-21',0),
 (1002,6,4,'2010-04-22',0),
 (1003,6,4,'2010-04-23',0);
/*!40000 ALTER TABLE `orders` ENABLE KEYS */;


--
-- Definition of table `users`
--

DROP TABLE IF EXISTS `users`;
CREATE TABLE `users` (
  `id` int(10) unsigned NOT NULL AUTO_INCREMENT,
  `user` varchar(45) NOT NULL,
  `password` varchar(45) NOT NULL,
  `name` varchar(45) NOT NULL,
  `type` int(10) unsigned NOT NULL DEFAULT '0' COMMENT '0 - default user, 1 - admin',
  `max_meals` int(10) unsigned NOT NULL DEFAULT '1' COMMENT 'number of maximum allowed meals for one day',
  PRIMARY KEY (`id`)
) ENGINE=InnoDB AUTO_INCREMENT=20 DEFAULT CHARSET=latin1;

--
-- Dumping data for table `users`
--

/*!40000 ALTER TABLE `users` DISABLE KEYS */;
INSERT INTO `users` (`id`,`user`,`password`,`name`,`type`,`max_meals`) VALUES 
 (1,'bogdan','bety','Bogdan',1,10),
 (2,'nicu','nicu','Nicu',0,0),
 (3,'cosmin','cpoteras','Cosmin',0,10),
 (4,'cristina','cristina','Cristina',1,10),
 (5,'delia','delia','Delia',0,10),
 (6,'stefan','stefan','Stefan',0,10),
 (7,'vicentiu','netdania2$','Vicentiu',0,10),
 (8,'costi','costi','Costi',0,10),
 (9,'marius','marius','Marius',0,10),
 (10,'dan','dan','Dan',0,10),
 (11,'izabela','izabela','Izabela',1,10),
 (12,'stig','stig','Stig',0,10),
 (13,'thomas','thomas','Thomas',0,10),
 (14,'guest','guest','Guest',10,0),
 (15,'elena','elena','Elena',0,10),
 (16,'andreea','andreea','Andreea',0,10),
 (17,'ciprian','ciprian','Ciprian',0,10),
 (18,'vlad','vlad','Stefan Vlad',0,0),
 (19,'mihai','mihai','Dan Mihai',0,10);
/*!40000 ALTER TABLE `users` ENABLE KEYS */;




/*!40101 SET SQL_MODE=@OLD_SQL_MODE */;
/*!40014 SET FOREIGN_KEY_CHECKS=@OLD_FOREIGN_KEY_CHECKS */;
/*!40014 SET UNIQUE_CHECKS=@OLD_UNIQUE_CHECKS */;
/*!40101 SET CHARACTER_SET_CLIENT=@OLD_CHARACTER_SET_CLIENT */;
/*!40101 SET CHARACTER_SET_RESULTS=@OLD_CHARACTER_SET_RESULTS */;
/*!40101 SET COLLATION_CONNECTION=@OLD_COLLATION_CONNECTION */;
/*!40101 SET CHARACTER_SET_CLIENT=@OLD_CHARACTER_SET_CLIENT */;
